0,1,2,3,4,5,6,7,8,9,10,11,12,13,14,15,16,17,18,19,20
C,0.0,0.0,0.4,0.0,0.0,0.0,0.0,0.0,0.0,0.0,0.0,0.0,0.0,0.0,0.0,0.0,0.0,0.0,0.6,0.0
D,0.0,0.0,0.0,0.0,0.0,0.0,0.0,0.0,0.0,0.1951219512195122,0.0,0.04878048780487805,0.0,0.024390243902439025,0.0,0.0,0.0,0.2682926829268293,0.4146341463414634,0.04878048780487805
S,0.0,0.0,0.0,0.0,0.0,0.0,0.1076923076923077,0.12307692307692308,0.15384615384615385,0.07692307692307693,0.1076923076923077,0.0,0.06153846153846154,0.0,0.0,0.0,0.0,0.24615384615384617,0.12307692307692308,0.0
Q,0.0,0.0,0.0,0.0,0.06896551724137931,0.0,0.0,0.0,0.0,0.0,0.0,0.41379310344827586,0.06896551724137931,0.3793103448275862,0.06896551724137931,0.0,0.0,0.0,0.0,0.0
K,0.0,0.0,0.0,0.0,0.0,0.0,0.25,0.0,0.0,0.0,0.1,0.1,0.0,0.0,0.1,0.0,0.0,0.45,0.0,0.0
P,0.0,0.0,0.3387096774193548,0.0,0.0,0.0,0.04838709677419355,0.0,0.016129032258064516,0.0,0.0,0.0,0.3548387096774194,0.11290322580645161,0.12903225806451613,0.0,0.0,0.0,0.0,0.0
T,0.0,0.0,0.05454545454545454,0.0,0.0,0.07272727272727272,0.0,0.0,0.2,0.0,0.2909090909090909,0.0,0.0,0.0,0.0,0.0,0.18181818181818182,0.2,0.0,0.0
F,0.0,0.0,0.36363636363636365,0.0,0.0,0.0,0.0,0.0,0.0,0.0,0.0,0.0,0.6363636363636364,0.0,0.0,0.0,0.0,0.0,0.0,0.0
A,0.0,0.06097560975609756,0.14634146341463414,0.0,0.0,0.012195121951219513,0.43902439024390244,0.0,0.0,0.024390243902439025,0.0,0.04878048780487805,0.0,0.0,0.0,0.0,0.0,0.0,0.0,0.2682926829268293
G,0.0,0.016666666666666666,0.36666666666666664,0.0,0.0,0.0,0.0,0.0,0.05,0.0,0.0,0.016666666666666666,0.0,0.0,0.2833333333333333,0.0,0.0,0.0,0.0,0.26666666666666666
I,0.0,0.0,0.0,0.0,0.0,0.0,0.18181818181818182,0.0,0.0,0.0,0.0,0.0,0.12121212121212122,0.0,0.0,0.0,0.0,0.0,0.0,0.696969696969697
E,0.0,0.13846153846153847,0.0,0.09230769230769231,0.46153846153846156,0.0,0.0,0.0,0.18461538461538463,0.03076923076923077,0.0,0.0,0.0,0.0,0.0,0.0,0.0,0.0,0.0,0.09230769230769231
L,0.0,0.0,0.12195121951219512,0.024390243902439025,0.0,0.0,0.0,0.2926829268292683,0.0,0.0,0.2682926829268293,0.0,0.0,0.0,0.04878048780487805,0.07317073170731707,0.0,0.0,0.0,0.17073170731707318
H,0.0,0.0,0.0,0.2,0.0,0.0,0.0,0.0,0.0,0.0,0.0,0.0,0.0,0.0,0.6,0.0,0.0,0.1,0.1,0.0
R,0.09420289855072464,0.0,0.036231884057971016,0.30434782608695654,0.028985507246376812,0.007246376811594203,0.0,0.0,0.0,0.10144927536231885,0.0,0.0,0.007246376811594203,0.2391304347826087,0.0,0.15217391304347827,0.028985507246376812,0.0,0.0,0.0
W,,,,,,,,,,,,,,,,,,,,
M,0.0,0.0,0.0,0.0,0.0,0.0,0.23076923076923078,0.0,0.0,0.0,0.5769230769230769,0.0,0.0,0.0,0.0,0.0,0.0,0.0,0.0,0.19230769230769232
N,0.0,0.2972972972972973,0.40540540540540543,0.0,0.2972972972972973,0.0,0.0,0.0,0.0,0.0,0.0,0.0,0.0,0.0,0.0,0.0,0.0,0.0,0.0,0.0
Y,0.42857142857142855,0.14285714285714285,0.0,0.0,0.0,0.0,0.0,0.42857142857142855,0.0,0.0,0.0,0.0,0.0,0.0,0.0,0.0,0.0,0.0,0.0,0.0
V,0.0,0.0,0.0,0.0,0.0,0.0,0.0,0.06666666666666667,0.23333333333333334,0.0,0.16666666666666666,0.08333333333333333,0.11666666666666667,0.0,0.0,0.0,0.3333333333333333,0.0,0.0,0.0
